{
    "currentSignal": "jchvsignal",
    "values": {
        "speed(<.1) || speed(>.15)": ["stopsignal.HP1", "hphome.HP1", "hpblock.HP1"],
        "speed(==.1)": ["zs3.Z1", "stopsignal.HP2", "hphome.HP2", "hpblock.HP1"],
        "speed(==.2)": ["zs3.Z2", "stopsignal.HP2", "hphome.HP2", "hpblock.HP1"],
        "speed(==.3)": ["zs3.Z3", "stopsignal.HP2", "hphome.HP2", "hpblock.HP1"],
        "speed(==.4)": ["stopsignal.HP2", "hphome.HP2", "hpblock.HP1"],
        "speed(==.5)": ["zs3.Z5", "stopsignal.HP2", "hphome.HP2", "hpblock.HP1"],
        "speed(==.6)": ["zs3.Z6", "stopsignal.HP2", "hphome.HP2", "hpblock.HP1"],
        "speed(==.7)": ["zs3.Z7", "stopsignal.HP1", "hphome.HP1", "hpblock.HP1"],
        "speed(==.8)": ["zs3.Z8", "stopsignal.HP1", "hphome.HP1", "hpblock.HP1"],
        "speed(==.9)": ["zs3.Z9", "stopsignal.HP1", "hphome.HP1", "hpblock.HP1"],
        "speed(==.10)": ["zs3.Z10", "stopsignal.HP1", "hphome.HP1", "hpblock.HP1"],
        "speed(==.11)": ["zs3.Z11", "stopsignal.HP1", "hphome.HP1", "hpblock.HP1"],
        "speed(==.12)": ["zs3.Z12", "stopsignal.HP1", "hphome.HP1", "hpblock.HP1"],
        "speed(==.13)": ["zs3.Z13", "stopsignal.HP1", "hphome.HP1", "hpblock.HP1"],
        "speed(==.14)": ["zs3.Z14", "stopsignal.HP1", "hphome.HP1", "hpblock.HP1"],
        "speed(==.15)": ["zs3.Z15", "stopsignal.HP1", "hphome.HP1", "hpblock.HP1"],
        "true": ["distantsignal.VR0", "zs3v.OFF"],

        "zs2value(A)": ["zs2.A"],
        "zs2value(B)": ["zs2.B"],
        "zs2value(C)": ["zs2.C"],
        "zs2value(D)": ["zs2.D"],
        "zs2value(E)": ["zs2.E"],
        "zs2value(F)": ["zs2.F"],
        "zs2value(G)": ["zs2.G"],
        "zs2value(H)": ["zs2.H"],
        "zs2value(I)": ["zs2.I"],
        "zs2value(J)": ["zs2.J"],
        "zs2value(K)": ["zs2.K"],
        "zs2value(L)": ["zs2.L"],
        "zs2value(M)": ["zs2.M"],
        "zs2value(N)": ["zs2.N"],
        "zs2value(O)": ["zs2.O"],
        "zs2value(P)": ["zs2.P"],
        "zs2value(Q)": ["zs2.Q"],
        "zs2value(R)": ["zs2.R"],
        "zs2value(S)": ["zs2.S"],
        "zs2value(T)": ["zs2.T"],
        "zs2value(U)": ["zs2.U"],
        "zs2value(V)": ["zs2.V"],
        "zs2value(W)": ["zs2.W"],
        "zs2value(X)": ["zs2.X"],
        "zs2value(Y)": ["zs2.Y"],
        "zs2value(Z)": ["zs2.Z"],
        "zs2value(ZS6)" : ["zs6.ZS6"],
        "zs2value(ZS13)": ["zs6.ZS13"]
    }
}