{
    "currentSignal": "hlsignalbridge",
    "nextSignal": "jckssignal",
    "savedPredicates": {
        "stop": "config(kombisignal.HP0) || config(kombisignal.KS_ZS1) || config(kombisignal.KS_ZS7) || config(kombisignal.KS_SHUNTING) || config(kombisignal_main.HP0) || config(kombisignal_main.KS_ZS1) || config(kombisignal_main.KS_ZS7) || config(kombisignal_main.KS_SHUNTING)",
        "drive": "config(kombisignal.KS1) || config(kombisignal_main.KS1) || config(kombisignal.KS1_BLINK) || config(kombisignal.KS2)",
        "40_60": "config(zs3.Z1) || config(zs3.Z2) || config(zs3.Z3) || config(zs3.Z4) || config(zs3.Z5) || config(zs3.Z6) || config(zs3.Z7) || config(zs3.Z8) || config(zs3.Z9)",
        "100": "config(zs3.Z10)"
    },
    "values": {
        "map(stop) && (speed(<.1) || speed(>=.11))": ["mainlightsignallightbar.OFF", "mainlightsignal.HL10", "mainlightsignal_distant.HL10", "exitsignal.HL1", "blocksignal.HL10", "blockexitsignal.HL1", "zs2v.OFF"],
        "map(stop) && speed(>=.1) && speed(<=.5)": ["mainlightsignallightbar.OFF", "mainlightsignal.HL11_12", "mainlightsignal_distant.HL10", "exitsignal.HL2_3", "blocksignal.HL10", "blockexitsignal.HL1", "zs2v.OFF"],
        "map(stop) && speed(>=.6) && speed(<=.9)": ["mainlightsignallightbar.YELLOW", "mainlightsignal.HL11_12", "mainlightsignal_distant.HL10", "exitsignal.HL2_3", "blocksignal.HL10", "blockexitsignal.HL1", "zs2v.OFF"],
        "map(stop) && speed(==.10)": ["mainlightsignallightbar.GREEN", "mainlightsignal.HL11_12", "mainlightsignal_distant.HL10", "exitsignal.HL2_3", "blocksignal.HL10", "blockexitsignal.HL1", "zs2v.OFF"],

        "map(drive) && (speed(<.1) || speed(>=.11))": ["mainlightsignallightbar.OFF", "mainlightsignal.HL1", "mainlightsignal_distant.HL1", "exitsignal.HL1", "blocksignal.HL1", "blockexitsignal.HL1"],
        "map(drive) && speed(>=.1) && speed(<=.5)": ["mainlightsignallightbar.OFF", "mainlightsignal.HL2_3", "mainlightsignal_distant.HL1", "exitsignal.HL2_3", "blocksignal.HL1", "blockexitsignal.HL1"],
        "map(drive) && speed(>=.6) && speed(<=.9)": ["mainlightsignallightbar.YELLOW", "mainlightsignal.HL2_3", "mainlightsignal_distant.HL1", "exitsignal.HL2_3", "blocksignal.HL1", "blockexitsignal.HL1"],
        "map(drive) && speed(==.10)": ["mainlightsignallightbar.GREEN", "mainlightsignal.HL2_3", "mainlightsignal_distant.HL1", "exitsignal.HL2_3", "blocksignal.HL1", "blockexitsignal.HL1"],

        "(map(drive) && map(40_60) && (speed(<.1) || speed(>=.11))": ["mainlightsignallightbar.OFF", "mainlightsignal.HL7", "mainlightsignal_distant.HL7", "exitsignal.HL1", "blocksignal.HL7", "blockexitsignal.HL1"],
        "(map(drive) && map(40_60) && speed(>=.1) && speed(<=.5)": ["mainlightsignallightbar.OFF", "mainlightsignal.HL8_9", "mainlightsignal_distant.HL7", "exitsignal.HL2_3", "blocksignal.HL7", "blockexitsignal.HL1"],
        "(map(drive) && map(40_60) && speed(>=.6) && speed(<=.9)": ["mainlightsignallightbar.YELLOW", "mainlightsignal.HL8_9", "mainlightsignal_distant.HL7", "exitsignal.HL2_3", "blocksignal.HL7", "blockexitsignal.HL1"],
        "(map(drive) && map(40_60) && speed(==.10)": ["mainlightsignallightbar.GREEN", "mainlightsignal.HL8_9", "mainlightsignal_distant.HL7", "exitsignal.HL2_3", "blocksignal.HL7", "blockexitsignal.HL1"],

        "map(drive) && map(100) && (speed(<.1) || speed(>=.11))": ["mainlightsignallightbar.OFF", "mainlightsignal.HL4", "mainlightsignal_distant.HL4", "exitsignal.HL1", "blocksignal.HL4", "blockexitsignal.HL1"],
        "map(drive) && map(100) && speed(>=.1) && speed(<=.5)": ["mainlightsignallightbar.OFF", "mainlightsignal.HL5_6", "mainlightsignal_distant.HL4", "exitsignal.HL2_3", "blocksignal.HL4", "blockexitsignal.HL1"],
        "map(drive) && map(100) && speed(>=.6) && speed(<=.9)": ["mainlightsignallightbar.YELLOW", "mainlightsignal.HL5_6", "mainlightsignal_distant.HL4", "exitsignal.HL2_3", "blocksignal.HL4", "blockexitsignal.HL1"],
        "map(drive) && map(100) && speed(==.10)": ["mainlightsignallightbar.GREEN", "mainlightsignal.HL5_6", "mainlightsignal_distant.HL4", "exitsignal.HL2_3", "blocksignal.HL4", "blockexitsignal.HL1"],

        "zs2value(A)": ["zs2.A"],
        "zs2value(B)": ["zs2.B"],
        "zs2value(C)": ["zs2.C"],
        "zs2value(D)": ["zs2.D"],
        "zs2value(E)": ["zs2.E"],
        "zs2value(F)": ["zs2.F"],
        "zs2value(G)": ["zs2.G"],
        "zs2value(H)": ["zs2.H"],
        "zs2value(I)": ["zs2.I"],
        "zs2value(J)": ["zs2.J"],
        "zs2value(K)": ["zs2.K"],
        "zs2value(L)": ["zs2.L"],
        "zs2value(M)": ["zs2.M"],
        "zs2value(N)": ["zs2.N"],
        "zs2value(O)": ["zs2.O"],
        "zs2value(P)": ["zs2.P"],
        "zs2value(Q)": ["zs2.Q"],
        "zs2value(R)": ["zs2.R"],
        "zs2value(S)": ["zs2.S"],
        "zs2value(T)": ["zs2.T"],
        "zs2value(U)": ["zs2.U"],
        "zs2value(V)": ["zs2.V"],
        "zs2value(W)": ["zs2.W"],
        "zs2value(X)": ["zs2.X"],
        "zs2value(Y)": ["zs2.Y"],
        "zs2value(Z)": ["zs2.Z"],
        "zs2value(ZS6)" : ["zs2.ZS6"],
        "zs2value(ZS13)": ["zs2.ZS13"],

        "config(zs2.A)": ["zs2v.A"],
        "config(zs2.B)": ["zs2v.B"],
        "config(zs2.C)": ["zs2v.C"],
        "config(zs2.D)": ["zs2v.D"],
        "config(zs2.E)": ["zs2v.E"],
        "config(zs2.F)": ["zs2v.F"],
        "config(zs2.G)": ["zs2v.G"],
        "config(zs2.H)": ["zs2v.H"],
        "config(zs2.I)": ["zs2v.I"],
        "config(zs2.J)": ["zs2v.J"],
        "config(zs2.K)": ["zs2v.K"],
        "config(zs2.L)": ["zs2v.L"],
        "config(zs2.M)": ["zs2v.M"],
        "config(zs2.N)": ["zs2v.N"],
        "config(zs2.O)": ["zs2v.O"],
        "config(zs2.P)": ["zs2v.P"],
        "config(zs2.Q)": ["zs2v.Q"],
        "config(zs2.R)": ["zs2v.R"],
        "config(zs2.S)": ["zs2v.S"],
        "config(zs2.T)": ["zs2v.T"],
        "config(zs2.U)": ["zs2v.U"],
        "config(zs2.V)": ["zs2v.V"],
        "config(zs2.W)": ["zs2v.W"],
        "config(zs2.X)": ["zs2v.X"],
        "config(zs2.Y)": ["zs2v.Y"],
        "config(zs2.Z)": ["zs2v.Z"]
    }
}