{
    "currentSignals": ["hvsignal", "hvsignalbridge"],
    "nextSignals": ["jchvsignal"],
    "savedPredicates": {
        "stop": "config(stopsignal.HP0) || config(stopsignal.SHUNTING) || config(hphome.HP0) || config(hphome.HP0_ALTERNATE_RED) || config(hpblock.HP0)",
        "drive": "config(stopsignal.HP1) || config(hphome.HP1) || config(hpblock.HP1)",
        "slow": "config(stopsignal.HP2) || config(hphome.HP2)"
    },
    "values": {
        "config(zs3.Z1)": ["zs3v.Z1"],
        "config(zs3.Z2)": ["zs3v.Z2"],
        "config(zs3.Z3)": ["zs3v.Z3"],
        "config(zs3.Z4)": ["zs3v.Z4"],
        "config(zs3.Z5)": ["zs3v.Z5"],
        "config(zs3.Z6)": ["zs3v.Z6"],
        "config(zs3.Z7)": ["zs3v.Z7"],
        "config(zs3.Z8)": ["zs3v.Z8"],
        "config(zs3.Z9)": ["zs3v.Z9"],
        "config(zs3.Z10)": ["zs3v.Z10"],
        "config(zs3.Z11)": ["zs3v.Z11"],
        "config(zs3.Z12)": ["zs3v.Z12"],
        "config(zs3.Z13)": ["zs3v.Z13"],
        "config(zs3.Z14)": ["zs3v.Z14"],
        "config(zs3.Z15)": ["zs3v.Z15"],

        "map(stop)": ["distantsignal.VR0", "zs3v.OFF"],
        "map(drive)": ["distantsignal.VR1"],
        "map(slow)": ["distantsignal.VR2"],
        "signalRepeater(true)": ["vrlight.true"],

        "speed(<.1) || speed(>.15)": ["stopsignal.HP1", "hphome.HP1", "hpblock.HP1"],
        "speed(==.1)": ["zs3.Z1", "stopsignal.HP2", "hphome.HP2", "hpblock.HP1"],
        "speed(==.2)": ["zs3.Z2", "stopsignal.HP2", "hphome.HP2", "hpblock.HP1"],
        "speed(==.3)": ["zs3.Z3", "stopsignal.HP2", "hphome.HP2", "hpblock.HP1"],
        "speed(==.4)": ["stopsignal.HP2", "hphome.HP2", "hpblock.HP1"],
        "speed(==.5)": ["zs3.Z5", "stopsignal.HP2", "hphome.HP2", "hpblock.HP1"],
        "speed(==.6)": ["zs3.Z6", "stopsignal.HP2", "hphome.HP2", "hpblock.HP1"],
        "speed(==.7)": ["zs3.Z7", "stopsignal.HP1", "hphome.HP1", "hpblock.HP1"],
        "speed(==.8)": ["zs3.Z8", "stopsignal.HP1", "hphome.HP1", "hpblock.HP1"],
        "speed(==.9)": ["zs3.Z9", "stopsignal.HP1", "hphome.HP1", "hpblock.HP1"],
        "speed(==.10)": ["zs3.Z10", "stopsignal.HP1", "hphome.HP1", "hpblock.HP1"],
        "speed(==.11)": ["zs3.Z11", "stopsignal.HP1", "hphome.HP1", "hpblock.HP1"],
        "speed(==.12)": ["zs3.Z12", "stopsignal.HP1", "hphome.HP1", "hpblock.HP1"],
        "speed(==.13)": ["zs3.Z13", "stopsignal.HP1", "hphome.HP1", "hpblock.HP1"],
        "speed(==.14)": ["zs3.Z14", "stopsignal.HP1", "hphome.HP1", "hpblock.HP1"],
        "speed(==.15)": ["zs3.Z15", "stopsignal.HP1", "hphome.HP1", "hpblock.HP1"],

        "zs2value(A)": ["zs3.A"],
        "zs2value(B)": ["zs3.B"],
        "zs2value(C)": ["zs3.C"],
        "zs2value(D)": ["zs3.D"],
        "zs2value(E)": ["zs3.E"],
        "zs2value(F)": ["zs3.F"],
        "zs2value(G)": ["zs3.G"],
        "zs2value(H)": ["zs3.H"],
        "zs2value(I)": ["zs3.I"],
        "zs2value(J)": ["zs3.J"],
        "zs2value(K)": ["zs3.K"],
        "zs2value(L)": ["zs3.L"],
        "zs2value(M)": ["zs3.M"],
        "zs2value(N)": ["zs3.N"],
        "zs2value(O)": ["zs3.O"],
        "zs2value(P)": ["zs3.P"],
        "zs2value(Q)": ["zs3.Q"],
        "zs2value(R)": ["zs3.R"],
        "zs2value(S)": ["zs3.S"],
        "zs2value(T)": ["zs3.T"],
        "zs2value(U)": ["zs3.U"],
        "zs2value(V)": ["zs3.V"],
        "zs2value(W)": ["zs3.W"],
        "zs2value(X)": ["zs3.X"],
        "zs2value(Y)": ["zs3.Y"],
        "zs2value(Z)": ["zs3.Z"],
        "zs2value(ZS6)" : ["zs3.ZS6"],
        "zs2value(ZS13)": ["zs3.ZS13"],

        "config(zs3.A)": ["zs3v.A"],
        "config(zs3.B)": ["zs3v.B"],
        "config(zs3.C)": ["zs3v.C"],
        "config(zs3.D)": ["zs3v.D"],
        "config(zs3.E)": ["zs3v.E"],
        "config(zs3.F)": ["zs3v.F"],
        "config(zs3.G)": ["zs3v.G"],
        "config(zs3.H)": ["zs3v.H"],
        "config(zs3.I)": ["zs3v.I"],
        "config(zs3.J)": ["zs3v.J"],
        "config(zs3.K)": ["zs3v.K"],
        "config(zs3.L)": ["zs3v.L"],
        "config(zs3.M)": ["zs3v.M"],
        "config(zs3.N)": ["zs3v.N"],
        "config(zs3.O)": ["zs3v.O"],
        "config(zs3.P)": ["zs3v.P"],
        "config(zs3.Q)": ["zs3v.Q"],
        "config(zs3.R)": ["zs3v.R"],
        "config(zs3.S)": ["zs3v.S"],
        "config(zs3.T)": ["zs3v.T"],
        "config(zs3.U)": ["zs3v.U"],
        "config(zs3.V)": ["zs3v.V"],
        "config(zs3.W)": ["zs3v.W"],
        "config(zs3.X)": ["zs3v.X"],
        "config(zs3.Y)": ["zs3v.Y"],
        "config(zs3.Z)": ["zs3v.Z"]
    }
}