{
    "currentSignals": ["jchvsignal"],
    "nextSignals": ["jckssignal"],
    "savedPredicates": {
        "stop": "config(kombisignal.HP0) || config(kombisignal.KS_ZS1) || config(kombisignal.KS_ZS7) || config(kombisignal.KS_SHUNTING) || config(kombisignal_main.HP0) || config(kombisignal_main.KS_ZS1) || config(kombisignal_main.KS_ZS7) || config(kombisignal_main.KS_SHUNTING)",
        "drive": "config(kombisignal.KS1) || config(kombisignal_main.KS1) || config(kombisignal.KS1_BLINK) || config(kombisignal.KS2)"
    },
    "values": {
        "config(zs3.Z1)": ["zs3v.Z1", "distantsignal.VR2"],
        "config(zs3.Z2)": ["zs3v.Z2", "distantsignal.VR2"],
        "config(zs3.Z3)": ["zs3v.Z3", "distantsignal.VR2"],
        "config(zs3.Z4)": ["distantsignal.VR2"],
        "config(zs3.Z5)": ["zs3v.Z5", "distantsignal.VR2"],
        "config(zs3.Z6)": ["zs3v.Z6", "distantsignal.VR2"],
        "config(zs3.Z7)": ["zs3v.Z7", "distantsignal.VR1"],
        "config(zs3.Z8)": ["zs3v.Z8", "distantsignal.VR1"],
        "config(zs3.Z9)": ["zs3v.Z9", "distantsignal.VR1"],
        "config(zs3.Z10)": ["zs3v.Z10", "distantsignal.VR1"],
        "config(zs3.Z11)": ["zs3v.Z11", "distantsignal.VR1"],
        "config(zs3.Z12)": ["zs3v.Z12", "distantsignal.VR1"],
        "config(zs3.Z13)": ["zs3v.Z13", "distantsignal.VR1"],
        "config(zs3.Z14)": ["zs3v.Z14", "distantsignal.VR1"],
        "config(zs3.Z15)": ["zs3v.Z15", "distantsignal.VR1"],

        "map(stop)": ["distantsignal.VR0", "zs3v.OFF"],
        "map(drive)": ["distantsignal.VR1"],
        "signalRepeater(true)": ["vrlight.true"],

        "speed(<.1) || speed(>.15)": ["stopsignal.HP1", "hphome.HP1", "hpblock.HP1"],
        "speed(==.1)": ["zs3.Z1", "stopsignal.HP2", "hphome.HP2", "hpblock.HP1"],
        "speed(==.2)": ["zs3.Z2", "stopsignal.HP2", "hphome.HP2", "hpblock.HP1"],
        "speed(==.3)": ["zs3.Z3", "stopsignal.HP2", "hphome.HP2", "hpblock.HP1"],
        "speed(==.4)": ["stopsignal.HP2", "hphome.HP2", "hpblock.HP1"],
        "speed(==.5)": ["zs3.Z5", "stopsignal.HP2", "hphome.HP2", "hpblock.HP1"],
        "speed(==.6)": ["zs3.Z6", "stopsignal.HP2", "hphome.HP2", "hpblock.HP1"],
        "speed(==.7)": ["zs3.Z7", "stopsignal.HP1", "hphome.HP1", "hpblock.HP1"],
        "speed(==.8)": ["zs3.Z8", "stopsignal.HP1", "hphome.HP1", "hpblock.HP1"],
        "speed(==.9)": ["zs3.Z9", "stopsignal.HP1", "hphome.HP1", "hpblock.HP1"],
        "speed(==.10)": ["zs3.Z10", "stopsignal.HP1", "hphome.HP1", "hpblock.HP1"],
        "speed(==.11)": ["zs3.Z11", "stopsignal.HP1", "hphome.HP1", "hpblock.HP1"],
        "speed(==.12)": ["zs3.Z12", "stopsignal.HP1", "hphome.HP1", "hpblock.HP1"],
        "speed(==.13)": ["zs3.Z13", "stopsignal.HP1", "hphome.HP1", "hpblock.HP1"],
        "speed(==.14)": ["zs3.Z14", "stopsignal.HP1", "hphome.HP1", "hpblock.HP1"],
        "speed(==.15)": ["zs3.Z15", "stopsignal.HP1", "hphome.HP1", "hpblock.HP1"],

        "zs2value(A)": ["zs2.A"],
        "zs2value(B)": ["zs2.B"],
        "zs2value(C)": ["zs2.C"],
        "zs2value(D)": ["zs2.D"],
        "zs2value(E)": ["zs2.E"],
        "zs2value(F)": ["zs2.F"],
        "zs2value(G)": ["zs2.G"],
        "zs2value(H)": ["zs2.H"],
        "zs2value(I)": ["zs2.I"],
        "zs2value(J)": ["zs2.J"],
        "zs2value(K)": ["zs2.K"],
        "zs2value(L)": ["zs2.L"],
        "zs2value(M)": ["zs2.M"],
        "zs2value(N)": ["zs2.N"],
        "zs2value(O)": ["zs2.O"],
        "zs2value(P)": ["zs2.P"],
        "zs2value(Q)": ["zs2.Q"],
        "zs2value(R)": ["zs2.R"],
        "zs2value(S)": ["zs2.S"],
        "zs2value(T)": ["zs2.T"],
        "zs2value(U)": ["zs2.U"],
        "zs2value(V)": ["zs2.V"],
        "zs2value(W)": ["zs2.W"],
        "zs2value(X)": ["zs2.X"],
        "zs2value(Y)": ["zs2.Y"],
        "zs2value(Z)": ["zs2.Z"],
        "zs2value(ZS6)" : ["zs6.ZS6"],
        "zs2value(ZS13)": ["zs6.ZS13"],

        "config(zs2.A)": ["zs2v.A"],
        "config(zs2.B)": ["zs2v.B"],
        "config(zs2.C)": ["zs2v.C"],
        "config(zs2.D)": ["zs2v.D"],
        "config(zs2.E)": ["zs2v.E"],
        "config(zs2.F)": ["zs2v.F"],
        "config(zs2.G)": ["zs2v.G"],
        "config(zs2.H)": ["zs2v.H"],
        "config(zs2.I)": ["zs2v.I"],
        "config(zs2.J)": ["zs2v.J"],
        "config(zs2.K)": ["zs2v.K"],
        "config(zs2.L)": ["zs2v.L"],
        "config(zs2.M)": ["zs2v.M"],
        "config(zs2.N)": ["zs2v.N"],
        "config(zs2.O)": ["zs2v.O"],
        "config(zs2.P)": ["zs2v.P"],
        "config(zs2.Q)": ["zs2v.Q"],
        "config(zs2.R)": ["zs2v.R"],
        "config(zs2.S)": ["zs2v.S"],
        "config(zs2.T)": ["zs2v.T"],
        "config(zs2.U)": ["zs2v.U"],
        "config(zs2.V)": ["zs2v.V"],
        "config(zs2.W)": ["zs2v.W"],
        "config(zs2.X)": ["zs2v.X"],
        "config(zs2.Y)": ["zs2v.Y"],
        "config(zs2.Z)": ["zs2v.Z"]
    }
}