{
    "currentSignals": ["jckssignal"],
    "nextSignals": ["hlsignal", "hlsignalbridge"],
    "savedPredicates": {
        "stop": "(config(mainlightsignal.HP0) || config(mainlightsignal.HP0_ALTERNATE_RED) || config(mainlightsignal.HL_ZS1) || config(mainlightsignal.HL_SHUNTING) || config(exitsignal.HP0) || config(exitsignal.HP0_ALTERNATE_RED) || config(exitsignal.HL_ZS1) || config(exitsignal.HL_SHUNTING) || config(blocksignal.HP0) || config(blocksignal.HP0_ALTERNATE_RED) || config(blocksignal.HL_ZS1) || config(blockexitsignal.HP0) || config(blockexitsignal.HL_ZS1) || config(blockexitsignal.HL_SHUNTING))  && !(config(mainlightsignallightbar.YELLOW) || config(mainlightsignallightbar.GREEN))",
        "drive": "(config(mainlightsignal.HL1) || config(mainlightsignal.HL4) || config(mainlightsignal.HL7) || config(mainlightsignal.HL10) || config(exitsignal.HL1) || config(blocksignal.HL1) || config(blocksignal.HL10) || config(blockexitsignal.HL1)) && (config(mainlightsignallightbar.OFF) || !(config(mainlightsignallightbar.OFF) || config(mainlightsignallightbar.YELLOW) || config(mainlightsignallightbar.GREEN)))",
        "slow": "config(mainlightsignal.HL2_3) || config(mainlightsignal.HL5_6) || config(mainlightsignal.HL8_9) || config(mainlightsignal.HL11_12) || config(exitsignal.HL2_3)"
    },
    "values": {
        "map(stop)": ["kombisignal.KS2", "kombisignal_main.KS1", "kombisignal_distant.KS2", "zs3v.OFF", "zs2v.OFF"],
        "map(stop) && signalRepeater(true)": ["kombisignal_distant.KS2", "ks_repeat.TRUE"],
        "map(drive)": ["kombisignal.KS1", "kombisignal_main.KS1", "kombisignal_distant.KS1"],
        "map(slow) && config(mainlightsignallightbar.OFF)": ["zs3v.Z4", "kombisignal.KS1_BLINK", "kombisignal_main.KS1", "kombisignal_distant.KS1_BLINK"],
        "map(slow) && config(mainlightsignallightbar.GREEN)": ["zs3v.Z10", "kombisignal.KS1_BLINK", "kombisignal_main.KS1", "kombisignal_distant.KS1_BLINK"],
        "map(slow) && config(mainlightsignallightbar.YELLOW)": ["zs3v.Z6", "kombisignal.KS1_BLINK", "kombisignal_main.KS1", "kombisignal_distant.KS1_BLINK"],
        "map(slow) && signalRepeater(true)": ["kombisignal_distant.KS1_BLINK", "ks_repeat.TRUE"],

        "speed(==.1)": ["zs3.Z1"],
        "speed(==.2)": ["zs3.Z2"],
        "speed(==.3)": ["zs3.Z3"],
        "speed(==.4)": ["zs3.Z4"],
        "speed(==.5)": ["zs3.Z5"],
        "speed(==.6)": ["zs3.Z6"],
        "speed(==.7)": ["zs3.Z7"],
        "speed(==.8)": ["zs3.Z8"],
        "speed(==.9)": ["zs3.Z9"],
        "speed(==.10)": ["zs3.Z10"],
        "speed(==.11)": ["zs3.Z11"],
        "speed(==.12)": ["zs3.Z12"],
        "speed(==.13)": ["zs3.Z13"],
        "speed(==.14)": ["zs3.Z14"],
        "speed(==.15)": ["zs3.Z15"],

        "zs2value(A)": ["zs2.A"],
        "zs2value(B)": ["zs2.B"],
        "zs2value(C)": ["zs2.C"],
        "zs2value(D)": ["zs2.D"],
        "zs2value(E)": ["zs2.E"],
        "zs2value(F)": ["zs2.F"],
        "zs2value(G)": ["zs2.G"],
        "zs2value(H)": ["zs2.H"],
        "zs2value(I)": ["zs2.I"],
        "zs2value(J)": ["zs2.J"],
        "zs2value(K)": ["zs2.K"],
        "zs2value(L)": ["zs2.L"],
        "zs2value(M)": ["zs2.M"],
        "zs2value(N)": ["zs2.N"],
        "zs2value(O)": ["zs2.O"],
        "zs2value(P)": ["zs2.P"],
        "zs2value(Q)": ["zs2.Q"],
        "zs2value(R)": ["zs2.R"],
        "zs2value(S)": ["zs2.S"],
        "zs2value(T)": ["zs2.T"],
        "zs2value(U)": ["zs2.U"],
        "zs2value(V)": ["zs2.V"],
        "zs2value(W)": ["zs2.W"],
        "zs2value(X)": ["zs2.X"],
        "zs2value(Y)": ["zs2.Y"],
        "zs2value(Z)": ["zs2.Z"],
        "zs2value(ZS6)" : ["zs6.ZS6"],
        "zs2value(ZS13)": ["zs6.ZS13"],
        "zs6state(true)" : ["zs6.ZS6"],

        "config(zs2.A)": ["zs2v.A"],
        "config(zs2.B)": ["zs2v.B"],
        "config(zs2.C)": ["zs2v.C"],
        "config(zs2.D)": ["zs2v.D"],
        "config(zs2.E)": ["zs2v.E"],
        "config(zs2.F)": ["zs2v.F"],
        "config(zs2.G)": ["zs2v.G"],
        "config(zs2.H)": ["zs2v.H"],
        "config(zs2.I)": ["zs2v.I"],
        "config(zs2.J)": ["zs2v.J"],
        "config(zs2.K)": ["zs2v.K"],
        "config(zs2.L)": ["zs2v.L"],
        "config(zs2.M)": ["zs2v.M"],
        "config(zs2.N)": ["zs2v.N"],
        "config(zs2.O)": ["zs2v.O"],
        "config(zs2.P)": ["zs2v.P"],
        "config(zs2.Q)": ["zs2v.Q"],
        "config(zs2.R)": ["zs2v.R"],
        "config(zs2.S)": ["zs2v.S"],
        "config(zs2.T)": ["zs2v.T"],
        "config(zs2.U)": ["zs2v.U"],
        "config(zs2.V)": ["zs2v.V"],
        "config(zs2.W)": ["zs2v.W"],
        "config(zs2.X)": ["zs2v.X"],
        "config(zs2.Y)": ["zs2v.Y"],
        "config(zs2.Z)": ["zs2v.Z"]
    }
}