{
    "currentSignal": "semaphoresignal",
    "nextSignal": "jchvsignal",
    "savedPredicates": {
        "stop": "config(stopsignal.HP0) || config(stopsignal.SHUNTING) || config(hphome.HP0) || config(hphome.HP0_ALTERNATE_RED) || config(hpblock.HP0)",
        "drive": "config(stopsignal.HP1) || config(hphome.HP1) || config(hpblock.HP1)",
        "slow": "config(stopsignal.HP2) || config(hphome.HP2)"
    },
    "values": {
        "map(stop)": ["semavr.VR0"],
        "map(drive)": ["semavr.VR1"],
        "map(slow)": ["semavr.VR2"],

        "speed(<.1) || speed(>.15)": ["wing1.TRUE", "wing2.FALSE"],
        "speed(==.1)": ["zs3.Z1", "wing1.TRUE", "wing2.TRUE"],
        "speed(==.2)": ["zs3.Z2", "wing1.TRUE", "wing2.TRUE"],
        "speed(==.3)": ["zs3.Z3", "wing1.TRUE", "wing2.TRUE"],
        "speed(==.4)": ["wing1.TRUE", "wing2.TRUE"],
        "speed(==.5)": ["zs3.Z5", "wing1.TRUE", "wing2.TRUE"],
        "speed(==.6)": ["zs3.Z6", "wing1.TRUE", "wing2.TRUE"],
        "speed(==.7)": ["zs3.Z7", "wing1.TRUE", "wing2.TRUE"],
        "speed(==.8)": ["zs3.Z8", "wing1.TRUE", "wing2.FALSE"],
        "speed(==.9)": ["zs3.Z9", "wing1.TRUE", "wing2.FALSE"],
        "speed(==.10)": ["zs3.Z10", "wing1.TRUE", "wing2.FALSE"],
        "speed(==.11)": ["zs3.Z11", "wing1.TRUE", "wing2.FALSE"],
        "speed(==.12)": ["zs3.Z12", "wing1.TRUE", "wing2.FALSE"],
        "speed(==.13)": ["zs3.Z13", "wing1.TRUE", "wing2.FALSE"],
        "speed(==.14)": ["zs3.Z14", "wing1.TRUE", "wing2.FALSE"],
        "speed(==.15)": ["zs3.Z15", "wing1.TRUE", "wing2.FALSE"],

        "zs2value(A)": ["zs3.A"],
        "zs2value(B)": ["zs3.B"],
        "zs2value(C)": ["zs3.C"],
        "zs2value(D)": ["zs3.D"],
        "zs2value(E)": ["zs3.E"],
        "zs2value(F)": ["zs3.F"],
        "zs2value(G)": ["zs3.G"],
        "zs2value(H)": ["zs3.H"],
        "zs2value(I)": ["zs3.I"],
        "zs2value(J)": ["zs3.J"],
        "zs2value(K)": ["zs3.K"],
        "zs2value(L)": ["zs3.L"],
        "zs2value(M)": ["zs3.M"],
        "zs2value(N)": ["zs3.N"],
        "zs2value(O)": ["zs3.O"],
        "zs2value(P)": ["zs3.P"],
        "zs2value(Q)": ["zs3.Q"],
        "zs2value(R)": ["zs3.R"],
        "zs2value(S)": ["zs3.S"],
        "zs2value(T)": ["zs3.T"],
        "zs2value(U)": ["zs3.U"],
        "zs2value(V)": ["zs3.V"],
        "zs2value(W)": ["zs3.W"],
        "zs2value(X)": ["zs3.X"],
        "zs2value(Y)": ["zs3.Y"],
        "zs2value(Z)": ["zs3.Z"],
        "zs2value(ZS6)" : ["zs3.ZS6"],
        "zs2value(ZS13)": ["zs3.ZS13"]
    }
}